Workbook

Sheet Buffer Prep
B1: MW (g/mol) | C1: pKa
A2: NaH2PO4 (HA) | B2: 137.99 | C2: 6.82
A3: Na2HPO4 (A) | B3: 268.07 | C3: -
A6: Sodium Phosphate Buffer - pH 7.4
A7: Substance | B7: Molarity | C7: Moles | D7: Weight (g) | E7: % | F7: Actual Weight (g)
A8: Na2HPO4 (A) | B8: =B12*E8 -> 0.02630268 | C8: =B8*(B11/1000) -> 0.005260536 | D8: =C8*B3 -> 1.4101919 | E8: =(10^(B13-C2))^-1 -> 0.2630268 | F8: 0.717
A9: NaH2PO4 (HA) | B9: =B12*E9 -> 0.07369732 | C9: =B9*(B11/1000) -> 0.014739464 | D9: =C9*B2 -> 2.0338986 | E9: =1-E8 -> 0.7369732 | F9: 1.226
A11: Total Volume (mL) | B11: 200
A12: Total Molarity (M) | B12: 0.1
A13: Final pH | B13: 7.4
B18: MW (g/mol)
A19: Sodium Pyruvate | B19: 110.04
A21: Pyruvate
A22: Substance | B22: Molarity (M) | C22: Moles ( moles) | D22: Weight (g) | E22: Volume (mL) | F22: Actual Weight (g) | G22: Actual Volume (mL)
A23: Sodium Pyruvate | B23: =22/1000 -> 0.022 | C23: =B23*(E23/1000) -> 0.0011 | D23: =C23*B19 -> 0.121044 | E23: 50 | F23: 0.13 | G23: =F23/B19/B23 *1000 -> 53.699481
B29: MW (g/mol)
A30: Sodium Oxamate | B30: 111.03
A32: Sodium Oxamate
A33: Substance | B33: Molarity (M) | C33: Moles ( moles) | D33: Weight (g) | E33: Volume (mL) | F33: Actual Weight (g) | G33: Actual Volume (mL)
A34: Sodium Pyruvate | B34: =0.015 -> 0.015 | C34: =B34*(E34/1000) -> 0.0009 | D34: =C34*B30 -> 0.099927 | E34: 60 | G34: =F34/B30/B34 *1000 -> 0
B38: MW (g/mol)
A39: Sodium Oxalate | B39: 130
A41: Sodium Oxalate
A42: Substance | B42: Molarity (M) | C42: Moles ( moles) | D42: Weight (g) | E42: Volume (mL) | F42: Actual Weight (g) | G42: Actual Volume (mL)
A43: Sodium Pyruvate | B43: 0.003 | C43: =B43*(E43/1000) -> 9e-05 | D43: =C43*B39 -> 0.0117 | E43: 30 | G43: =F43/B39/B43 *1000 -> 0

Sheet Kinetics Assay
A1: Cuvet Number | B1: NADH Stock Volume (μL) | C1: Pyruvate Stock Volume (μL) | D1: LDH Stock Volume (μL) | E1: Phosphate Buffer Volume (μL) | F1: Total Volume (μL) | G1: LDH Concentration [E] | H1: Pyruvate concentration [S] | I1: Slope | J1: Vo | K1: 1/[S] | L1: 1/Vo
A2: 1 | B2: 100 | C2: 600 | D2: 140 | E2: =F2-(C2+D2+B2) -> 410 | F2: 1250 | G2: =($C$19*D2)/F2 -> 0.00504 | H2: =($C$18*C2)/F2 -> 0.01056 | I2: -0.06344 | J2: =-I2 -> 0.06344 | K2: =1/H2 -> 94.69697 | L2: =1/J2 -> 15.762926
A3: 2 | B3: 100 | C3: 550 | D3: 140 | E3: =F3-(C3+D3+B3) -> 460 | F3: 1250 | G3: =($C$19*D3)/F3 -> 0.00504 | H3: =($C$18*C3)/F3 -> 0.00968 | I3: -0.05098 | J3: =-I3 -> 0.05098 | K3: =1/H3 -> 103.30579 | L3: =1/J3 -> 19.615536
A4: 3 | B4: 100 | C4: 500 | D4: 140 | E4: =F4-(C4+D4+B4) -> 510 | F4: 1250 | G4: =($C$19*D4)/F4 -> 0.00504 | H4: =($C$18*C4)/F4 -> 0.0088 | I4: -0.03616 | J4: =-I4 -> 0.03616 | K4: =1/H4 -> 113.63636 | L4: =1/J4 -> 27.654867
A5: 4 | B5: 100 | C5: 450 | D5: 140 | E5: =F5-(C5+D5+B5) -> 560 | F5: 1250 | G5: =($C$19*D5)/F5 -> 0.00504 | H5: =($C$18*C5)/F5 -> 0.00792 | I5: -0.02425 | J5: =-I5 -> 0.02425 | K5: =1/H5 -> 126.26263 | L5: =1/J5 -> 41.237113
A6: 5 | B6: 100 | C6: 400 | D6: 140 | E6: =F6-(C6+D6+B6) -> 610 | F6: 1250 | G6: =($C$19*D6)/F6 -> 0.00504 | H6: =($C$18*C6)/F6 -> 0.00704 | I6: -0.032 | J6: =-I6 -> 0.032 | K6: =1/H6 -> 142.04545 | L6: =1/J6 -> 31.25
A7: 6 | B7: 100 | C7: 350 | D7: 140 | E7: =F7-(C7+D7+B7) -> 660 | F7: 1250 | G7: =($C$19*D7)/F7 -> 0.00504 | H7: =($C$18*C7)/F7 -> 0.00616 | I7: -0.03008 | J7: =-I7 -> 0.03008 | K7: =1/H7 -> 162.33766 | L7: =1/J7 -> 33.244681
A8: 7 | B8: 100 | C8: 300 | D8: 140 | E8: =F8-(C8+D8+B8) -> 710 | F8: 1250 | G8: =($C$19*D8)/F8 -> 0.00504 | H8: =($C$18*C8)/F8 -> 0.00528 | I8: -0.03253 | J8: =-I8 -> 0.03253 | K8: =1/H8 -> 189.39394 | L8: =1/J8 -> 30.740855
A9: 8 | B9: 100 | C9: 800 | D9: 140 | E9: =F9-(C9+D9+B9) -> 210 | F9: 1250 | G9: =($C$19*D9)/F9 -> 0.00504 | H9: =($C$18*C9)/F9 -> 0.01408 | I9: -0.4724 | J9: =-I9 -> 0.4724 | K9: =1/H9 -> 71.022727 | L9: =1/J9 -> 2.1168501
A10: 9 | B10: 100 | C10: 700 | D10: 140 | E10: =F10-(C10+D10+B10) -> 310 | F10: 1250 | G10: =($C$19*D10)/F10 -> 0.00504 | H10: =($C$18*C10)/F10 -> 0.01232 | I10: -0.5957 | J10: =-I10 -> 0.5957 | K10: =1/H10 -> 81.168831 | L10: =1/J10 -> 1.6786973
B18: Pyruvate Stock Concentration (mol/L) | C18: =22/1000 -> 0.022 | E18: Lineaweaver-Burke Slope | F18: =SLOPE(L2:L10,K2:K10) -> 0.2774976
B19: LDH Concentration (units/L)) | C19: 0.045 | E19: Lineaweaver-Burke Intercept | F19: =INTERCEPT(L2:L10,K2:K10) -> -10.829989
B20: NADH (mol/L) | C20: =4.1/1000 -> 0.0041
E23: Km | F23: =-1/(INTERCEPT(K2:K10,L2:L10)) -> -0.013966159
E24: Vmax | F24: =1/F19 -> -0.092336195

Sheet Kinetic Assay - new protein
A1: Cuvet Number | B1: NADH Stock Volume (μL) | C1: Pyruvate Stock Volume (μL) | D1: LDH Stock Volume (μL) | E1: Phosphate Buffer Volume (μL) | F1: Total Volume (μL) | G1: LDH Concentration [E] | H1: Pyruvate concentration [S] | I1: Slope | J1: Vo | K1: 1/[S] | L1: 1/Vo | N1: Cuvet Number | O1: Slope | P1: Vo | Q1: 1/[S] | R1: 1/Vo
A2: 1 | B2: 100 | C2: 600 | D2: 70 | E2: =F2-(C2+D2+B2) -> 480 | F2: 1250 | G2: =($C$19*D2)/F2 -> 0.00252 | H2: =($C$18*C2)/F2 -> 0.01056 | I2: -0.0329 | J2: =-I2 -> 0.0329 | K2: =1/H2 -> 94.69697 | L2: =1/J2 -> 30.395137 | N2: 1 | O2: -0.0329 | P2: 0.0329 | Q2: 94.69697 | R2: 30.395137
A3: 2 | B3: 100 | C3: 500 | D3: 70 | E3: =F3-(C3+D3+B3) -> 580 | F3: 1250 | G3: =($C$19*D3)/F3 -> 0.00252 | H3: =($C$18*C3)/F3 -> 0.0088 | I3: -0.03775 | J3: =-I3 -> 0.03775 | K3: =1/H3 -> 113.63636 | L3: =1/J3 -> 26.490066 | N3: 2 | O3: -0.03775 | P3: 0.03775 | Q3: 113.63636 | R3: 26.490066
A4: 3 | B4: 100 | C4: 400 | D4: 70 | E4: =F4-(C4+D4+B4) -> 680 | F4: 1250 | G4: =($C$19*D4)/F4 -> 0.00252 | H4: =($C$18*C4)/F4 -> 0.00704 | I4: -0.0493 | J4: =-I4 -> 0.0493 | K4: =1/H4 -> 142.04545 | L4: =1/J4 -> 20.283976 | N4: 3 | O4: -0.0493 | P4: 0.0493 | Q4: 142.04545 | R4: 20.283976
B18: Pyruvate Stock Concentration (mol/L) | C18: =22/1000 -> 0.022 | E18: Lineaweaver-Burke Slope | F18: =SLOPE(L2:L4,K2:K4) -> -0.21393509
B19: LDH Concentration (units/L)) | C19: 0.045 | E19: Lineaweaver-Burke Intercept | F19: =INTERCEPT(L2:L4,K2:K4) -> 50.709166
B20: NADH (mol/L) | C20: =4.1/1000 -> 0.0041
E23: Km | F23: =-1/(INTERCEPT(K2:K4,L2:L4)) -> -0.0042193905
E24: Vmax | F24: =1/F19 -> 0.019720301

Sheet Kinetics Assay Week 2
A1: Cuvet Number | B1: NADH Stock Volume (μL) | C1: Pyruvate Stock Volume (μL) | D1: LDH Stock Volume (μL) | E1: Phosphate Buffer Volume (μL) | F1: Total Volume (μL) | G1: LDH Concentration [E] | H1: Pyruvate concentration [S] | I1: Slope | J1: Vo | K1: 1/[S] | L1: 1/Vo
A2: 1 | B2: =C15/C14 -> 108.93805 | C2: 400 | D2: 100 | E2: =F2-(SUM(B2:D2)) -> 641.06195 | F2: 1250 | G2: =($C$13*D2)/F2 -> 0.0036 | H2: =($C$12*C2)/F2 -> 0.00704 | I2: -0.05636 | J2: =-I2 -> 0.05636 | K2: =1/H2 -> 142.04545 | L2: =1/J2 -> 17.74308
A3: 2 | B3: =B2 -> 108.93805 | C3: 100 | D3: 100 | E3: =F3-(C3+D3+B3) -> 941.06195 | F3: 1250 | G3: =($C$13*D3)/F3 -> 0.0036 | H3: =($C$12*C3)/F3 -> 0.00176 | I3: -0.04348 | J3: =-I3 -> 0.04348 | K3: =1/H3 -> 568.18182 | L3: =1/J3 -> 22.99908
A4: 3 | B4: =B2 -> 108.93805 | C4: 50 | D4: 100 | E4: =F4-(C4+D4+B4) -> 991.06195 | F4: 1250 | G4: =($C$13*D4)/F4 -> 0.0036 | H4: =($C$12*C4)/F4 -> 0.00088 | I4: -0.0318 | J4: =-I4 -> 0.0318 | K4: =1/H4 -> 1136.3636 | L4: =1/J4 -> 31.446541
A5: 4 | B5: =B2 -> 108.93805 | C5: 25 | D5: 100 | E5: =F5-(C5+D5+B5) -> 1016.062 | F5: 1250 | G5: =($C$13*D5)/F5 -> 0.0036 | H5: =($C$12*C5)/F5 -> 0.00044 | I5: -0.01014 | J5: =-I5 -> 0.01014 | K5: =1/H5 -> 2272.7273 | L5: =1/J5 -> 98.619329
B12: Pyruvate Stock Concentration (mol/L) | C12: =22/1000 -> 0.022 | E12: Lineaweaver-Burke Slope | F12: =SLOPE(L2:L4,K2:K4) -> 0.013840456
B13: LDH Concentration (units/L)) | C13: 0.045 | E13: Lineaweaver-Burke Y-Intercept | F13: =INTERCEPT(L2:L5,K2:K5) -> 2.6132098
B14: NADH (M) | C14: =((43.1)/(15))/763.452 -> 0.0037636071 | E14: Lineaweaver-Burke X-Intercept | F14: =(-1*INTERCEPT(L2:L5, K2:K5))/SLOPE(L2:L5, K2:K5) -> -67.129991
B15: NADH (μ mols) | C15: =(100)*0.0041 -> 0.41
E17: Km | F17: =-1/F14 -> 0.014896472
E18: Vmax | F18: =1/F13 -> 0.38267116

Sheet Kinetics Week 2_Inhib1_c1
A1: Cuvet Number | B1: Inhibitor Stock Volume (μL) | C1: NADH Stock Volume (μL) | D1: Pyruvate Stock Volume (μL) | E1: LDH Stock Volume (μL) | F1: Phosphate Buffer Volume (μL) | G1: Total Volume (μL) | H1: Inhibitor Concentration [I] | I1: LDH Concentration [E] | J1: Pyruvate concentration [S] | K1: Slope | L1: Vo | M1: 1/[S] | N1: 1/Vo
A2: 1 | B2: =($H$2*G2)/$D$22 -> 44 | C2: =D21/D20 -> 108.93805 | D2: 400 | E2: 100 | F2: =G2-(B2+D2+E2+C2) -> 597.06195 | G2: 1250 | H2: =0.5*$J$2 -> 0.00352 | I2: =($D$19*E2)/G2 -> 0.0036 | J2: =($D$18*D2)/G2 -> 0.00704 | K2: -0.02152 | L2: =-K2 -> 0.02152 | M2: =1/J2 -> 142.04545 | N2: =1/L2 -> 46.468401
A3: 2 | B3: =($H$2*G3)/$D$22 -> 44 | C3: =C2 -> 108.93805 | D3: 100 | E3: 100 | F3: =G3-(B3+D3+E3+C3) -> 897.06195 | G3: 1250 | H3: =0.5*$J$2 -> 0.00352 | I3: =($D$19*E3)/G3 -> 0.0036 | J3: =($D$18*D3)/G3 -> 0.00176 | K3: -0.008325 | L3: =-K3 -> 0.008325 | M3: =1/J3 -> 568.18182 | N3: =1/L3 -> 120.12012
A4: 3 | B4: =($H$2*G4)/$D$22 -> 44 | C4: =C3 -> 108.93805 | D4: 50 | E4: 100 | F4: =G4-(B4+D4+E4+C4) -> 947.06195 | G4: 1250 | H4: =0.5*$J$2 -> 0.00352 | I4: =($D$19*E4)/G4 -> 0.0036 | J4: =($D$18*D4)/G4 -> 0.00088 | K4: -0.00441 | L4: =-K4 -> 0.00441 | M4: =1/J4 -> 1136.3636 | N4: =1/L4 -> 226.75737
A5: 4 | B5: =($H$2*G5)/$D$22 -> 44 | C5: =C4 -> 108.93805 | D5: 25 | E5: 100 | F5: =G5-(B5+D5+E5+C5) -> 972.06195 | G5: 1250 | H5: =0.5*$J$2 -> 0.00352 | I5: =($D$19*E5)/G5 -> 0.0036 | J5: =($D$18*D5)/G5 -> 0.00044 | K5: -0.002224 | L5: =-K5 -> 0.002224 | M5: =1/J5 -> 2272.7273 | N5: =1/L5 -> 449.64029
C18: Pyruvate Stock Concentration (mol/L) | D18: =22/1000 -> 0.022 | F18: Lineaweaver-Burke Slope | G18: =SLOPE(N2:N10,M2:M10) -> 0.19015513
C19: LDH Concentration (units/L)) | D19: 0.045 | F19: Lineaweaver-Burke Y-Intercept | G19: =INTERCEPT(N2:N10,M2:M10) -> 14.919174
C20: NADH (M) | D20: =((43.1)/(15))/763.452 -> 0.0037636071 | F20: Lineaweaver-Burke X-Intercept | G20: =(-1*INTERCEPT(N2:N5, M2:M5))/SLOPE(N2:N5, M2:M5) -> -78.457913
C21: NADH (μ mols) | D21: =(100)*0.0041 -> 0.41
C22: Inhibitor Concentration (M) | D22: 0.1
F23: Km | G23: =-1/G20 -> 0.012745687
F24: Vmax | G24: =1/G19 -> 0.067027837

Sheet Kinetics Week 2_Inhib1_c2
A1: Cuvet Number | B1: Inhibitor Stock Volume (μL) | C1: NADH Stock Volume (μL) | D1: Pyruvate Stock Volume (μL) | E1: LDH Stock Volume (μL) | F1: Phosphate Buffer Volume (μL) | G1: Total Volume (μL) | H1: Inhibitor Concentration [I] | I1: LDH Concentration [E] | J1: Pyruvate concentration [S] | K1: Slope | L1: Vo | M1: 1/[S] | N1: 1/Vo
A2: 1 | B2: =($H$2*G2)/$D$22 -> 26.4 | C2: =D21/D20 -> 108.93805 | D2: 400 | E2: 100 | F2: =G2-(B2+D2+E2+C2) -> 614.66195 | G2: 1250 | H2: =0.3*$J$2 -> 0.002112 | I2: =($D$19*E2)/G2 -> 0.0036 | J2: =($D$18*D2)/G2 -> 0.00704 | K2: -0.01283 | L2: =-K2 -> 0.01283 | M2: =1/J2 -> 142.04545 | N2: =1/L2 -> 77.942323
A3: 2 | B3: =($H$2*G3)/$D$22 -> 26.4 | C3: =C2 -> 108.93805 | D3: 100 | E3: 100 | F3: =G3-(B3+D3+E3+C3) -> 914.66195 | G3: 1250 | H3: =0.3*$J$2 -> 0.002112 | I3: =($D$19*E3)/G3 -> 0.0036 | J3: =($D$18*D3)/G3 -> 0.00176 | K3: -0.01128 | L3: =-K3 -> 0.01128 | M3: =1/J3 -> 568.18182 | N3: =1/L3 -> 88.652482
A4: 3 | B4: =($H$2*G4)/$D$22 -> 26.4 | C4: =C3 -> 108.93805 | D4: 50 | E4: 100 | F4: =G4-(B4+D4+E4+C4) -> 964.66195 | G4: 1250 | H4: =0.3*$J$2 -> 0.002112 | I4: =($D$19*E4)/G4 -> 0.0036 | J4: =($D$18*D4)/G4 -> 0.00088 | K4: -0.006819 | L4: =-K4 -> 0.006819 | M4: =1/J4 -> 1136.3636 | N4: =1/L4 -> 146.64907
A5: 4 | B5: =($H$2*G5)/$D$22 -> 26.4 | C5: =C4 -> 108.93805 | D5: 25 | E5: 100 | F5: =G5-(B5+D5+E5+C5) -> 989.66195 | G5: 1250 | H5: =0.3*$J$2 -> 0.002112 | I5: =($D$19*E5)/G5 -> 0.0036 | J5: =($D$18*D5)/G5 -> 0.00044 | K5: -0.006126 | L5: =-K5 -> 0.006126 | M5: =1/J5 -> 2272.7273 | N5: =1/L5 -> 163.23865
C18: Pyruvate Stock Concentration (mol/L) | D18: =22/1000 -> 0.022 | F18: Lineaweaver-Burke Slope | G18: =SLOPE(N2:N10,M2:M10) -> 0.042382463
C19: LDH Concentration (units/L)) | D19: 0.045 | F19: Lineaweaver-Burke Y-Intercept | G19: =INTERCEPT(N2:N10,M2:M10) -> 75.473919
C20: NADH (M) | D20: =((43.1)/(15))/763.452 -> 0.0037636071 | F20: Lineaweaver-Burke X-Intercept | G20: =(-1*INTERCEPT(N2:N5, M2:M5))/SLOPE(N2:N5, M2:M5) -> -1780.7818
C21: NADH (μ mols) | D21: =(100)*0.0041 -> 0.41
C22: Inhibitor Concentration (M) | D22: 0.1
F23: Km | G23: =-1/G20 -> 0.00056155111
F24: Vmax | G24: =1/G19 -> 0.01324961

Sheet Kinetics Week 2_Inhib1_c3
A1: Cuvet Number | B1: Inhibitor Stock Volume (μL) | C1: NADH Stock Volume (μL) | D1: Pyruvate Stock Volume (μL) | E1: LDH Stock Volume (μL) | F1: Phosphate Buffer Volume (μL) | G1: Total Volume (μL) | H1: Inhibitor Concentration [I] | I1: LDH Concentration [E] | J1: Pyruvate concentration [S] | K1: Slope | L1: Vo | M1: 1/[S] | N1: 1/Vo
A2: 1 | B2: =($H$2*G2)/$D$22 -> 8.8 | C2: =D21/D20 -> 108.93805 | D2: 400 | E2: 100 | F2: =G2-(B2+D2+E2+C2) -> 632.26195 | G2: 1250 | H2: =0.1*$J$2 -> 0.000704 | I2: =($D$19*E2)/G2 -> 0.0036 | J2: =($D$18*D2)/G2 -> 0.00704 | K2: -0.03362 | L2: =-K2 -> 0.03362 | M2: =1/J2 -> 142.04545 | N2: =1/L2 -> 29.7442
A3: 2 | B3: =($H$2*G3)/$D$22 -> 8.8 | C3: =C2 -> 108.93805 | D3: 100 | E3: 100 | F3: =G3-(B3+D3+E3+C3) -> 932.26195 | G3: 1250 | H3: =0.1*$J$2 -> 0.000704 | I3: =($D$19*E3)/G3 -> 0.0036 | J3: =($D$18*D3)/G3 -> 0.00176 | K3: -0.02768 | L3: =-K3 -> 0.02768 | M3: =1/J3 -> 568.18182 | N3: =1/L3 -> 36.127168
A4: 3 | B4: =($H$2*G4)/$D$22 -> 8.8 | C4: =C3 -> 108.93805 | D4: 50 | E4: 100 | F4: =G4-(B4+D4+E4+C4) -> 982.26195 | G4: 1250 | H4: =0.1*$J$2 -> 0.000704 | I4: =($D$19*E4)/G4 -> 0.0036 | J4: =($D$18*D4)/G4 -> 0.00088 | K4: -0.01397 | L4: =-K4 -> 0.01397 | M4: =1/J4 -> 1136.3636 | N4: =1/L4 -> 71.581961
A5: 4 | B5: =($H$2*G5)/$D$22 -> 8.8 | C5: =C4 -> 108.93805 | D5: 25 | E5: 100 | F5: =G5-(B5+D5+E5+C5) -> 1007.262 | G5: 1250 | H5: =0.1*$J$2 -> 0.000704 | I5: =($D$19*E5)/G5 -> 0.0036 | J5: =($D$18*D5)/G5 -> 0.00044 | K5: -0.009618 | L5: =-K5 -> 0.009618 | M5: =1/J5 -> 2272.7273 | N5: =1/L5 -> 103.97172
C18: Pyruvate Stock Concentration (mol/L) | D18: =22/1000 -> 0.022 | F18: Lineaweaver-Burke Slope | G18: =SLOPE(N2:N10,M2:M10) -> 0.036664902
C19: LDH Concentration (units/L)) | D19: 0.045 | F19: Lineaweaver-Burke Y-Intercept | G19: =INTERCEPT(N2:N10,M2:M10) -> 22.597663
C20: NADH (M) | D20: =((43.1)/(15))/763.452 -> 0.0037636071 | F20: Lineaweaver-Burke X-Intercept | G20: =(-1*INTERCEPT(N2:N5, M2:M5))/SLOPE(N2:N5, M2:M5) -> -616.32957
C21: NADH (μ mols) | D21: =(100)*0.0041 -> 0.41
C22: Inhibitor Concentration (M) | D22: 0.1
F23: Km | G23: =-1/G20 -> 0.0016225086
F24: Vmax | G24: =1/G19 -> 0.044252364

Sheet Inhib1_c3 together
A1: LDH - No I | D1: LDH - 0.5 I | G1: LDH - 0.3 I | J1: LDH - 0.1 I
A2: 1/[S] | B2: 1/Vo | D2: 1/[S] | E2: 1/Vo | G2: 1/[S] | H2: 1/Vo | J2: 1/[S] | K2: 1/Vo
A3: 142.04546 | B3: 17.74308 | D3: 142.04545 | E3: 46.468401 | G3: 142.04545 | H3: 77.942323 | J3: 142.04545 | K3: 29.7442
A4: 568.18182 | B4: 22.99908 | D4: 568.18182 | E4: 120.12012 | G4: 568.18182 | H4: 88.652482 | J4: 568.18182 | K4: 36.127168
A5: 1136.3636 | B5: 31.446541 | D5: 1136.3636 | E5: 226.75737 | G5: 1136.3636 | H5: 146.64907 | J5: 1136.3636 | K5: 71.581961
A6: 2272.7273 | B6: 98.619329 | D6: 2272.7273 | E6: 449.64029 | G6: 2272.7273 | H6: 163.23865 | J6: 2272.7273 | K6: 103.97172
A8: Km (M) | B8: =-1/((-1*INTERCEPT(B3:B6, A3:A6))/SLOPE(B3:B6, A3:A6)) -> 0.014896472 | D8: Km (M) | E8: =-1/((-1*INTERCEPT(E3:E6, D3:D6))/SLOPE(E3:E6, D3:D6)) -> 0.012745687 | G8: Km (M) | H8: =-1/((-1*INTERCEPT(H3:H6, G3:G6))/SLOPE(H3:H6, G3:G6)) -> 0.00056155111 | J8: Km (M) | K8: =-1/((-1*INTERCEPT(K3:K6, J3:J6))/SLOPE(K3:K6, J3:J6)) -> 0.0016225086
A9: Vmax (M/sec) | B9: =1/INTERCEPT(B3:B6,A3:A6) -> 0.38267116 | D9: Vmax (M/sec) | E9: =1/INTERCEPT(E3:E6,D3:D6) -> 0.067027837 | G9: Vmax (M/sec) | H9: =1/INTERCEPT(H3:H6,G3:G6) -> 0.01324961 | J9: Vmax (M/sec) | K9: =1/INTERCEPT(K3:K6,J3:J6) -> 0.044252364
N15: α | O15: α′
L16: LDH - 0.5 I | N16: =(E8*O16)/B8 -> 4.8848402 | O16: =B9/E9 -> 5.7091379
L17: LDH - 0.3 I | N17: =(H8*O17)/B8 -> 1.0887509 | O17: =B9/H9 -> 28.881692
L18: LDH - 0.1 I | N18: =(K8*O18)/B8 -> 0.94187407 | O18: =B9/K9 -> 8.647474
D22: 0.1
A36: LDH - No I | D36: LDH - 0.5 I | G36: LDH - 0.3 I | J36: LDH - 0.1 I
A37: Pyruvate concentration [S] | B37: Vo | D37: Pyruvate concentration [S] | E37: Vo | G37: Pyruvate concentration [S] | H37: Vo | J37: Pyruvate concentration [S] | K37: Vo
A38: 0.00704 | B38: 0.05636 | D38: 0.00704 | E38: 0.02152 | G38: 0.00704 | H38: 0.01283 | J38: 0.00704 | K38: 0.03362
A39: 0.00176 | B39: 0.04348 | D39: 0.00176 | E39: 0.008325 | G39: 0.00176 | H39: 0.01128 | J39: 0.00176 | K39: 0.02768
A40: 0.00088 | B40: 0.0318 | D40: 0.00088 | E40: 0.00441 | G40: 0.00088 | H40: 0.006819 | J40: 0.00088 | K40: 0.01397
A41: 0.00044 | B41: 0.01014 | D41: 0.00044 | E41: 0.002224 | G41: 0.00044 | H41: 0.006126 | J41: 0.00044 | K41: 0.009618

Sheet Kinetics Assay Week 3
A1: Cuvet Number | B1: NADH Stock Volume (μL) | C1: Pyruvate Stock Volume (μL) | D1: LDH Stock Volume (μL) | E1: Phosphate Buffer Volume (μL) | F1: Total Volume (μL) | G1: LDH Concentration [E] | H1: Pyruvate concentration [S] | I1: Slope | J1: Vo | K1: 1/[S] | L1: 1/Vo
A2: 1 | B2: =C15/C14 -> 99.686408 | C2: 400 | D2: 100 | E2: =F2-(SUM(B2:D2)) -> 650.31359 | F2: 1250 | G2: =($C$13*D2)/F2 -> 0.0036 | H2: =($C$12*C2)/F2 -> 0.00704 | I2: -0.03489 | J2: =-I2 -> 0.03489 | K2: =1/H2 -> 142.04545 | L2: =1/J2 -> 28.661508
A3: 2 | B3: =B2 -> 99.686408 | C3: 100 | D3: 100 | E3: =F3-(C3+D3+B3) -> 950.31359 | F3: 1250 | G3: =($C$13*D3)/F3 -> 0.0036 | H3: =($C$12*C3)/F3 -> 0.00176 | I3: =-0.03252 -> -0.03252 | J3: =-I3 -> 0.03252 | K3: =1/H3 -> 568.18182 | L3: =1/J3 -> 30.750308
A4: 3 | B4: =B2 -> 99.686408 | C4: 50 | D4: 100 | E4: =F4-(C4+D4+B4) -> 1000.3136 | F4: 1250 | G4: =($C$13*D4)/F4 -> 0.0036 | H4: =($C$12*C4)/F4 -> 0.00088 | I4: -0.01941 | J4: =-I4 -> 0.01941 | K4: =1/H4 -> 1136.3636 | L4: =1/J4 -> 51.519835
A5: 4 | B5: =B2 -> 99.686408 | C5: 25 | D5: 100 | E5: =F5-(C5+D5+B5) -> 1025.3136 | F5: 1250 | G5: =($C$13*D5)/F5 -> 0.0036 | H5: =($C$12*C5)/F5 -> 0.00044 | I5: -0.01029 | J5: =-I5 -> 0.01029 | K5: =1/H5 -> 2272.7273 | L5: =1/J5 -> 97.18173
B12: Pyruvate Stock Concentration (mol/L) | C12: =22/1000 -> 0.022 | E12: Lineaweaver-Burke Slope | F12: =SLOPE(L2:L4,K2:K4) -> 0.023722213
B13: LDH Concentration (units/L)) | C13: 0.045 | E13: Lineaweaver-Burke Y-Intercept | F13: =INTERCEPT(L2:L5,K2:K5) -> 17.142141
B14: NADH (M) | C14: =((47.1)/(15))/763.452 -> 0.0041128977 | E14: Lineaweaver-Burke X-Intercept | F14: =(-1*INTERCEPT(L2:L5, K2:K5))/SLOPE(L2:L5, K2:K5) -> -506.03048
B15: NADH (μ mols) | C15: =(100)*0.0041 -> 0.41
E17: Km | F17: =-1/F14 -> 0.0019761655
E18: Vmax | F18: =1/F13 -> 0.058335772

Sheet Kinetics Week 3_Inhib2_c1 
A1: Cuvet Number | B1: Inhibitor Stock Volume (μL) | C1: NADH Stock Volume (μL) | D1: Pyruvate Stock Volume (μL) | E1: LDH Stock Volume (μL) | F1: Phosphate Buffer Volume (μL) | G1: Total Volume (μL) | H1: Inhibitor Concentration [I] | I1: LDH Concentration [E] | J1: Pyruvate concentration [S] | K1: Slope | L1: Vo | M1: 1/[S] | N1: 1/Vo
A2: 1 | B2: =($H$2*G2)/$D$22 -> 44 | C2: =D21/D20 -> 99.686408 | D2: 400 | E2: 100 | F2: =G2-(B2+D2+E2+C2) -> 606.31359 | G2: 1250 | H2: =0.5*$J$2 -> 0.00352 | I2: =($D$19*E2)/G2 -> 0.0036 | J2: =($D$18*D2)/G2 -> 0.00704 | K2: -0.003878 | L2: =-K2 -> 0.003878 | M2: =1/J2 -> 142.04545 | N2: =1/L2 -> 257.86488
A3: 2 | B3: =($H$2*G3)/$D$22 -> 44 | C3: =C2 -> 99.686408 | D3: 100 | E3: 100 | F3: =G3-(B3+D3+E3+C3) -> 906.31359 | G3: 1250 | H3: =0.5*$J$2 -> 0.00352 | I3: =($D$19*E3)/G3 -> 0.0036 | J3: =($D$18*D3)/G3 -> 0.00176 | K3: -0.003067 | L3: =-K3 -> 0.003067 | M3: =1/J3 -> 568.18182 | N3: =1/L3 -> 326.05152
A4: 3 | B4: =($H$2*G4)/$D$22 -> 44 | C4: =C3 -> 99.686408 | D4: 50 | E4: 100 | F4: =G4-(B4+D4+E4+C4) -> 956.31359 | G4: 1250 | H4: =0.5*$J$2 -> 0.00352 | I4: =($D$19*E4)/G4 -> 0.0036 | J4: =($D$18*D4)/G4 -> 0.00088 | K4: -0.001767 | L4: =-K4 -> 0.001767 | M4: =1/J4 -> 1136.3636 | N4: =1/L4 -> 565.93096
A5: 4 | B5: =($H$2*G5)/$D$22 -> 44 | C5: =C4 -> 99.686408 | D5: 25 | E5: 100 | F5: =G5-(B5+D5+E5+C5) -> 981.31359 | G5: 1250 | H5: =0.5*$J$2 -> 0.00352 | I5: =($D$19*E5)/G5 -> 0.0036 | J5: =($D$18*D5)/G5 -> 0.00044 | K5: -0.001236 | L5: =-K5 -> 0.001236 | M5: =1/J5 -> 2272.7273 | N5: =1/L5 -> 809.06149
C18: Pyruvate Stock Concentration (mol/L) | D18: =22/1000 -> 0.022 | F18: Lineaweaver-Burke Slope | G18: =SLOPE(N2:N10,M2:M10) -> 0.26840386
C19: LDH Concentration (units/L)) | D19: 0.045 | F19: Lineaweaver-Burke Y-Intercept | G19: =INTERCEPT(N2:N10,M2:M10) -> 213.31698
C20: NADH (M) | D20: =((47.1)/(15))/763.452 -> 0.0041128977 | F20: Lineaweaver-Burke X-Intercept | G20: =(-1*INTERCEPT(N2:N5, M2:M5))/SLOPE(N2:N5, M2:M5) -> -794.76121
C21: NADH (μ mols) | D21: =(100)*0.0041 -> 0.41
C22: Inhibitor Concentration (M) | D22: 0.1
F23: Km | G23: =-1/G20 -> 0.0012582396
F24: Vmax | G24: =1/G19 -> 0.0046878593

Sheet Kinetics Week 3_Inhib2_c2
A1: Cuvet Number | B1: Inhibitor Stock Volume (μL) | C1: NADH Stock Volume (μL) | D1: Pyruvate Stock Volume (μL) | E1: LDH Stock Volume (μL) | F1: Phosphate Buffer Volume (μL) | G1: Total Volume (μL) | H1: Inhibitor Concentration [I] | I1: LDH Concentration [E] | J1: Pyruvate concentration [S] | K1: Slope | L1: Vo | M1: 1/[S] | N1: 1/Vo
A2: 1 | B2: =($H$2*G2)/$D$22 -> 26.4 | C2: =D21/D20 -> 99.686408 | D2: 400 | E2: 100 | F2: =G2-(B2+D2+E2+C2) -> 623.91359 | G2: 1250 | H2: =0.3*$J$2 -> 0.002112 | I2: =($D$19*E2)/G2 -> 0.0036 | J2: =($D$18*D2)/G2 -> 0.00704 | K2: -0.02163 | L2: =-K2 -> 0.02163 | M2: =1/J2 -> 142.04545 | N2: =1/L2 -> 46.232085
A3: 2 | B3: =($H$2*G3)/$D$22 -> 26.4 | C3: =C2 -> 99.686408 | D3: 100 | E3: 100 | F3: =G3-(B3+D3+E3+C3) -> 923.91359 | G3: 1250 | H3: =0.3*$J$2 -> 0.002112 | I3: =($D$19*E3)/G3 -> 0.0036 | J3: =($D$18*D3)/G3 -> 0.00176 | K3: -0.009044 | L3: =-K3 -> 0.009044 | M3: =1/J3 -> 568.18182 | N3: =1/L3 -> 110.57054
A4: 3 | B4: =($H$2*G4)/$D$22 -> 26.4 | C4: =C3 -> 99.686408 | D4: 50 | E4: 100 | F4: =G4-(B4+D4+E4+C4) -> 973.91359 | G4: 1250 | H4: =0.3*$J$2 -> 0.002112 | I4: =($D$19*E4)/G4 -> 0.0036 | J4: =($D$18*D4)/G4 -> 0.00088 | K4: -0.001786 | L4: =-K4 -> 0.001786 | M4: =1/J4 -> 1136.3636 | N4: =1/L4 -> 559.91041
A5: 4 | B5: =($H$2*G5)/$D$22 -> 26.4 | C5: =C4 -> 99.686408 | D5: 25 | E5: 100 | F5: =G5-(B5+D5+E5+C5) -> 998.91359 | G5: 1250 | H5: =0.3*$J$2 -> 0.002112 | I5: =($D$19*E5)/G5 -> 0.0036 | J5: =($D$18*D5)/G5 -> 0.00044 | K5: -0.00155 | L5: =-K5 -> 0.00155 | M5: =1/J5 -> 2272.7273 | N5: =1/L5 -> 645.16129
C18: Pyruvate Stock Concentration (mol/L) | D18: =22/1000 -> 0.022 | F18: Lineaweaver-Burke Slope | G18: =SLOPE(N2:N10,M2:M10) -> 0.30086151
C19: LDH Concentration (units/L)) | D19: 0.045 | F19: Lineaweaver-Burke Y-Intercept | G19: =INTERCEPT(N2:N10,M2:M10) -> 30.632509
C20: NADH (M) | D20: =((47.1)/(15))/763.452 -> 0.0041128977 | F20: Lineaweaver-Burke X-Intercept | G20: =(-1*INTERCEPT(N2:N5, M2:M5))/SLOPE(N2:N5, M2:M5) -> -101.81598
C21: NADH (μ mols) | D21: =(100)*0.0041 -> 0.41
C22: Inhibitor Concentration (M) | D22: 0.1
F23: Km | G23: =-1/G20 -> 0.0098216412
F24: Vmax | G24: =1/G19 -> 0.032645057

Sheet Kinetics Week 3_Inhib2_c3
A1: Cuvet Number | B1: Inhibitor Stock Volume (μL) | C1: NADH Stock Volume (μL) | D1: Pyruvate Stock Volume (μL) | E1: LDH Stock Volume (μL) | F1: Phosphate Buffer Volume (μL) | G1: Total Volume (μL) | H1: Inhibitor Concentration [I] | I1: LDH Concentration [E] | J1: Pyruvate concentration [S] | K1: Slope | L1: Vo | M1: 1/[S] | N1: 1/Vo
A2: 1 | B2: =($H$2*G2)/$D$22 -> 8.8 | C2: =D21/D20 -> 99.686408 | D2: 400 | E2: 100 | F2: =G2-(B2+D2+E2+C2) -> 641.51359 | G2: 1250 | H2: =0.1*$J$2 -> 0.000704 | I2: =($D$19*E2)/G2 -> 0.0036 | J2: =($D$18*D2)/G2 -> 0.00704 | K2: -0.01219 | L2: =-K2 -> 0.01219 | M2: =1/J2 -> 142.04545 | N2: =1/L2 -> 82.034454
A3: 2 | B3: =($H$2*G3)/$D$22 -> 8.8 | C3: =C2 -> 99.686408 | D3: 100 | E3: 100 | F3: =G3-(B3+D3+E3+C3) -> 941.51359 | G3: 1250 | H3: =0.1*$J$2 -> 0.000704 | I3: =($D$19*E3)/G3 -> 0.0036 | J3: =($D$18*D3)/G3 -> 0.00176 | K3: -0.00612 | L3: =-K3 -> 0.00612 | M3: =1/J3 -> 568.18182 | N3: =1/L3 -> 163.39869
A4: 3 | B4: =($H$2*G4)/$D$22 -> 8.8 | C4: =C3 -> 99.686408 | D4: 50 | E4: 100 | F4: =G4-(B4+D4+E4+C4) -> 991.51359 | G4: 1250 | H4: =0.1*$J$2 -> 0.000704 | I4: =($D$19*E4)/G4 -> 0.0036 | J4: =($D$18*D4)/G4 -> 0.00088 | K4: -0.004861 | L4: =-K4 -> 0.004861 | M4: =1/J4 -> 1136.3636 | N4: =1/L4 -> 205.71899
A5: 4 | B5: =($H$2*G5)/$D$22 -> 8.8 | C5: =C4 -> 99.686408 | D5: 25 | E5: 100 | F5: =G5-(B5+D5+E5+C5) -> 1016.5136 | G5: 1250 | H5: =0.1*$J$2 -> 0.000704 | I5: =($D$19*E5)/G5 -> 0.0036 | J5: =($D$18*D5)/G5 -> 0.00044 | K5: -0.003024 | L5: =-K5 -> 0.003024 | M5: =1/J5 -> 2272.7273 | N5: =1/L5 -> 330.68783
C18: Pyruvate Stock Concentration (mol/L) | D18: =22/1000 -> 0.022 | F18: Lineaweaver-Burke Slope | G18: =SLOPE(N2:N10,M2:M10) -> 0.11130957
C19: LDH Concentration (units/L)) | D19: 0.045 | F19: Lineaweaver-Burke Y-Intercept | G19: =INTERCEPT(N2:N10,M2:M10) -> 80.830103
C20: NADH (M) | D20: =((47.1)/(15))/763.452 -> 0.0041128977 | F20: Lineaweaver-Burke X-Intercept | G20: =(-1*INTERCEPT(N2:N5, M2:M5))/SLOPE(N2:N5, M2:M5) -> -726.17386
C21: NADH (μ mols) | D21: =(100)*0.0041 -> 0.41
C22: Inhibitor Concentration (M) | D22: 0.1
F23: Km | G23: =-1/G20 -> 0.0013770807
F24: Vmax | G24: =1/G19 -> 0.012371628

Sheet Week 3 Inhib_together
A1: LDH - No I | D1: LDH - 0.5 I | G1: LDH - 0.3 I | J1: LDH - 0.1 I
A2: 1/[S] | B2: 1/Vo | D2: 1/[S] | E2: 1/Vo | G2: 1/[S] | H2: 1/Vo | J2: 1/[S] | K2: 1/Vo
A3: ='Kinetics Assay Week 3'!K2 -> 142.04545 | B3: ='Kinetics Assay Week 3'!L2 -> 28.661508 | D3: ='Kinetics Week 3_Inhib2_c1 '!M2 -> 142.04545 | E3: ='Kinetics Week 3_Inhib2_c1 '!N2 -> 257.86488 | G3: ='Kinetics Week 3_Inhib2_c2'!M2 -> 142.04545 | H3: ='Kinetics Week 3_Inhib2_c2'!N2 -> 46.232085 | J3: ='Kinetics Week 3_Inhib2_c3'!M2 -> 142.04545 | K3: ='Kinetics Week 3_Inhib2_c3'!N2 -> 82.034454
A4: ='Kinetics Assay Week 3'!K3 -> 568.18182 | B4: ='Kinetics Assay Week 3'!L3 -> 30.750308 | D4: ='Kinetics Week 3_Inhib2_c1 '!M3 -> 568.18182 | E4: ='Kinetics Week 3_Inhib2_c1 '!N3 -> 326.05152 | G4: ='Kinetics Week 3_Inhib2_c2'!M3 -> 568.18182 | H4: ='Kinetics Week 3_Inhib2_c2'!N3 -> 110.57054 | J4: ='Kinetics Week 3_Inhib2_c3'!M3 -> 568.18182 | K4: ='Kinetics Week 3_Inhib2_c3'!N3 -> 163.39869
A5: ='Kinetics Assay Week 3'!K4 -> 1136.3636 | B5: ='Kinetics Assay Week 3'!L4 -> 51.519835 | D5: ='Kinetics Week 3_Inhib2_c1 '!M4 -> 1136.3636 | E5: ='Kinetics Week 3_Inhib2_c1 '!N4 -> 565.93096 | G5: ='Kinetics Week 3_Inhib2_c2'!M4 -> 1136.3636 | H5: ='Kinetics Week 3_Inhib2_c2'!N4 -> 559.91041 | J5: ='Kinetics Week 3_Inhib2_c3'!M4 -> 1136.3636 | K5: ='Kinetics Week 3_Inhib2_c3'!N4 -> 205.71899
A6: ='Kinetics Assay Week 3'!K5 -> 2272.7273 | B6: ='Kinetics Assay Week 3'!L5 -> 97.18173 | D6: ='Kinetics Week 3_Inhib2_c1 '!M5 -> 2272.7273 | E6: ='Kinetics Week 3_Inhib2_c1 '!N5 -> 809.06149 | G6: ='Kinetics Week 3_Inhib2_c2'!M5 -> 2272.7273 | H6: ='Kinetics Week 3_Inhib2_c2'!N5 -> 645.16129 | J6: ='Kinetics Week 3_Inhib2_c3'!M5 -> 2272.7273 | K6: ='Kinetics Week 3_Inhib2_c3'!N5 -> 330.68783
A8: Km (M) | B8: =-1/((-1*INTERCEPT(B3:B6, A3:A6))/SLOPE(B3:B6, A3:A6)) -> 0.0019761655 | D8: Km (M) | E8: =-1/((-1*INTERCEPT(E3:E6, D3:D6))/SLOPE(E3:E6, D3:D6)) -> 0.0012582396 | G8: Km (M) | H8: =-1/((-1*INTERCEPT(H3:H6, G3:G6))/SLOPE(H3:H6, G3:G6)) -> 0.0098216412 | J8: Km (M) | K8: =-1/((-1*INTERCEPT(K3:K6, J3:J6))/SLOPE(K3:K6, J3:J6)) -> 0.0013770807
A9: Vmax (M/sec) | B9: =1/INTERCEPT(B3:B6,A3:A6) -> 0.058335772 | D9: Vmax (M/sec) | E9: =1/INTERCEPT(E3:E6,D3:D6) -> 0.0046878593 | G9: Vmax (M/sec) | H9: =1/INTERCEPT(H3:H6,G3:G6) -> 0.032645057 | J9: Vmax (M/sec) | K9: =1/INTERCEPT(K3:K6,J3:J6) -> 0.012371628
N15: α | O15: α′
L16: LDH - 0.5 I | N16: =(E8*O16)/B8 -> 7.9231958 | O16: =B9/E9 -> 12.444011
L17: LDH - 0.3 I | N17: =(H8*O17)/B8 -> 8.8813352 | O17: =B9/H9 -> 1.786971
L18: LDH - 0.1 I | N18: =(K8*O18)/B8 -> 3.2858229 | O18: =B9/K9 -> 4.7152864
D22: 0.1
A36: LDH - No I | D36: LDH - 0.5 I | G36: LDH - 0.3 I | J36: LDH - 0.1 I
A37: Pyruvate concentration [S] | B37: Vo | D37: Pyruvate concentration [S] | E37: Vo | G37: Pyruvate concentration [S] | H37: Vo | J37: Pyruvate concentration [S] | K37: Vo
A38: 0.00704 | B38: 0.05636 | D38: 0.00704 | E38: 0.02152 | G38: 0.00704 | H38: 0.01283 | J38: 0.00704 | K38: 0.03362
A39: 0.00176 | B39: 0.04348 | D39: 0.00176 | E39: 0.008325 | G39: 0.00176 | H39: 0.01128 | J39: 0.00176 | K39: 0.02768
A40: 0.00088 | B40: 0.0318 | D40: 0.00088 | E40: 0.00441 | G40: 0.00088 | H40: 0.006819 | J40: 0.00088 | K40: 0.01397
A41: 0.00044 | B41: 0.01014 | D41: 0.00044 | E41: 0.002224 | G41: 0.00044 | H41: 0.006126 | J41: 0.00044 | K41: 0.009618
